Gene Name,Gene coordinates(hg38),anisoform coordinates(hg38),Strand,Sequence
DEDD2,"chr19:42,198,598-42,220,140","chr19:42,209,706-42,215,231",-,MAPPALQRGQRVAAVAVGSQAVLQILSRVSGRQAPPQPSGSGGVGAGPVVVPDGGGEGPQPHPSSSQSPPDLPLKAK*
FNBP1,"chr9:129,887,187-130,053,879","chr9:129,978,578-129,994,858",-,MQSNSGIFQRSTNLKRTRRRKKNTSIRHVKLSFPT*
HNRNPR,"chr1:23,303,771-23,344,336","chr1:23,338,490-23,337,861",-,MSILMKEQLMLSGNLMKKELCLYYSSSRKVTYHMFRTKVHFYVEL*
LAMTOR3,"chr4:99,876,338-99,896,546","chr4:99,884,092-99,887,340",-,MPLLCQIEMEYLLLKWQMTMLQSMLCDLVSYPLLPLQQTKEANLDFPKIKVSSVTITPTRWFNLIVYLWW*
RUSC1,"chr1:155,320,894-155,331,114","chr1:155,325,648-155,326,918",+,MPLSWASSTPSSWSCGFPVSRKMQACSPSCTCQQDFSPWPAVVVPPCPQSCCSCCSHCRCSLSTWTCSLSTTTTCPWAHLRPLPLQAHLQLCSRLCKPCCTLGAGWPRAFGGLPRKLLQTPLTLQTFPHQGAGGSS*
CENPM,"chr22:41,938,737-41,947,152","chr22:41,945,952-41,946,617;chr22:41,943,657-41,945,275",-,MSSEPPAGGVPIPPGVGRRARPSPGGAVPRARLSALSPCAAGGHGGCSSAAAGGLDAQRGLRLRAEGPLGKVPPFALQCESAPN*;MWMPASSWGRCVSSPQVLGGRATAAFTGTPW*
CREM,"chr10:35,126,791-35,212,958","chr10:35,179,160-35,206,963",+,MNCPLMCLVFPRLKKRDQRKKEHHLVLLPWQYQLAYIRLARGNTLPLVTCQLTRSELLLLLCHREW*
NARF,"chr17:82,458,180-82,490,537","chr17:82,460,017-82,464,329",+,MCQPMHRVQPRKMERRENSTSWLMPRYF*
SUN1,"chr7:815,557-874,934","chr7:838,815-838,970",+,MLWILRRSTNWTLYLILHGCPAVVCAWPRQHAPWGMVRLWVPTAAPAALSP*
CTDSP2,"chr12:57,819,927-57,846,729","chr12:57,827,006-57,8295,15",-,MLASQVPPLSSLRIRRKQTPLLSRICSSVSSTSSTRSQGPACSQR*
NCOA5,"chr20:46,060,991-46,089,962","chr20:46,070,332-46,070,528",-,MALETVEIQGVIDPQFEEVQGESPGMAEMAGMPGTAETFETPETCGTTDIVEICGITETAGVCATFGT*
SYNGR2,"chr17:78,168,581-78,173,527","chr17:78,170,848-78,171,608",+,MVRATAMPTSLSRCTACSTATRMPAAMAVPSGCWPSWPRPSSWWSTRISPRSATPLTASTWSLVTCSSQLSGPSCGLLVSASSPTSGQSPTRRTCWWGPTL*
MAT2B,"chr5:163,503,114-163,519,558","chr5:163,512,099-163,513,567",+,MQLAVVSEEQDQNLNRLICWILMQFITSFMIFSPML*
TMEM182,"chr2:102,736,905-103,019,900","chr2:102,762,609-102,764,388",+,MKGSSGGVGLMGLWKRMTPIFGSSGTPISHRPRTAHMLTCLRTPS*
HDAC11,"chr3:13,479,724-13,506,424","chr3:13,481,271-13,481,379",+,MCQRHAGQSCTRRATTSPSWAWRSCIPLMPENGAK*
USP39,"chr2:85,602,856-85,649,283","chr2:85,623,646-85,623,657",+,MAEWILRTGGAATARTWTPLTGVCWTLTLRNCVLSPSHTSMLMPVWCVASTFKAGV*
PPCDC,"chr15:75,023,586-75,117,462","chr15:75,043,526-75,048,610",+,MNGRYGRAALTQFCTLTCGGGQTSCWWLLLMPTLWGRWPVASVTTCLPASCGPGTAASPCSSARP*
ZNF7,"chr8:144,827,518-144,847,509","chr8:144,837,449-144,841,367",+,MGPRPAGSRGDRGTKDLQDRFYD*
GLA,"chrX:101,393,273-101,408,012","chrX:101,403,819-101,407,803",-,MDWQGRLPWAGCTGSASCATLTARKSQIPASVRSSSWRWQSSWSQKAGRMQVMSTSALMTVGWLPKEIQKADFRQTLSAFLMGFAS*
DMKN,"chr19:35,497,220-35,513,658","chr19:35,505,723-35,510,200",-,MDINPGVKSQGMKPAGAGNLGFRTLRRLLGCLTLTLSGRILNPSWVSSTGMP*
ANAPC16,"chr10:72,216,000-72,235,860","chr10:72,230,366-72,230,434",+,MALRDSSANLFLAIKWHPRLNR*
C7orf50,"chr7:996,986-1,138,260","chr7:1,000,480-1,000,551",-,MGPKAQELEVSEDEADVAPAAHV*
MAZ,"chr16:29,806,106-29,811,164","chr16:29,808,641-29,808,727;chr16:29,808,641-29,808,727",+,MSRVWQDAELGLYFGPHEGAQPGSSPCL*;TSDKCTQQNGPSNVRNVRQLSPRRIGCGRTQYDTRRKCHVTCVARC*
MRPL18,"chr6:159,789,812-159,798,436","chr6:159,791,009-159,791,071",+,MKLSPQNSPTGTPGTWSFYL*
RAC3,"chr17:82,031,678-82,034,204","chr17:82,032,402-82,032,716",+,MLADQLHDQRLPRRVHPHRF*
RPLP0,"chr12:120,196,699-120,201,235","chr12:120,199,146-120,199,462",-,MFHCGSRQCGLQADAADPHVPSREGCGADGQEHHDAQGHPRAPGKQPSSGETAASYPGECGLCVHQGGPH*
RPS8,"chr1:44,775,251-44,778,779","chr1:44,776,109-44,776,738",+,MSWGAQLPTPRLAPAASTQSVCGEVTRNTVP*
SDF2,"chr17:28,648,346-28,662,189","chr17:28,655,352-28,655,444",-,MTATVTGGYGGRVPQCVRGEPPSSVASPSG*
SORBS3,"chr8:22,544,986-22,575,788","chr8:22,567,168-22,570,928",+,MWRCCPQMRSLSPSSPRPTRCWSMERLWPSTPSRGTWRWSCPSARESTSA*
WDR34,"chr9:128,633,652-128,656,847","chr9:128,640,756-128,640,881",-,MWTPRCRRRPPCLSACSPRPSMTYPGSQPFFGEWRPWSSES*
ARL16,"chr17:81,681,187-81,683,797","chr17:81,682,143-81,683,579",-,MGKATWGSRPRHGPRWAPILLTSWHRERSPSGSLGGAWAPSGPVTMETAVLSCL*
MYG1,"chr12:53,299,695-53,307,177","chr12:53,299,889-53,303,053",+,MAPSTATRHWHAHCFASCRSTGMQRLCGPGIPKNSLPVTSWWTWGASTTLGDTDMTITRGLSQRP*
AAAS,"chr12:53,307,456-53,324,864","chr12:53,315,754-53,320,628",-,MAQELPSSITGSKCGRDASTFGVMWAFLGC*
HPS5,"chr11:18,278,668-18,322,198","chr11:18,311,414-18,311,998",-,MVGFGQFRRRTPSHSERRLEAQAFSFTQGRCNFSSRLLFT*
ERGIC3,"chr20:35,542,038-35,557,634","chr20:35,542,129-35,542,325",+,MPTPRLWRTSGSRPAGAPP*
CSDE1,"chr1:114,716,913-114,758,676","chr1:114,739,788-114,739,859",+,MDIMGTLMVLQQHCVKLGLLKNC*
TUBB6,"chr18:12,307,669-12,344,320","chr18:12,308,706-12,310,981",+,MSTASTRPEATWETRRCSWRESTSTTMSHRLRNMCPGPPWWT*
MRTO4,"chr1:19,210,336-19,260,128","chr1:19,255,956-19,257,120",+,MCGHLQVPFHLLCGQHEEQQAEGHPERLEAQPDVLWQKQGDDGGLGSEPI*
MRPL12,"chr17:81,703,367-81,707,517","chr17:81,704,256-81,704,306",+,MCLCRATYEEQRPSEV*
DHX40,"chr17:59,565,558-59,608,345","CHR17:59,566,637-59,566,759",+,MHVPGGRNYSNFSYSETKKKDYSSCEGQFIPYCYWKYRKW*
MRPL3,"chr3:131,462,212-131,502,983","chr3:131,501,588-131,501,683",-,MERVVHGGMSIFLKKMSHSLSSWSLMKIKPN*
TIMM50,"chr19:39,480,412-39,493,785","chr19:39,481,959-39,482,015",+,MPKKLRSGLLGCLELVGL*
ZNF511,"chr10:133,308,914-133,313,162","chr10:133,309,391-133,309,429",+,MGTCSATSTSRT*
RPS9,"chr19:54,200,809-54,249,003","chr19:54,201,493-54,201,573",+,MGSGTNVRSGGSNLPWPRSARPPGNC*
RPL10,"chrX:154,389,955-154,409,168","chrX:154,399,487-154,399,844",+,MPRFAFLTWGGKRQKWMSFRFVATWCQMNMSSCPLKPWRLPEFVPISTW*
RANBP1,"chr22:20,115,938-20,127,355","chr22:20,119,020-20,119,088",+,MRTMILPLRIQTSPTMTLSLSQ
CACYBP,"chr1:174,999,163-175,012,027","chr1:175,004,678-175,004,818",+,MPLQLKNPRLRQKSRTRCNRNHRRKQNFLIMKNQLLWLLPLQRAIR*
ACTL6A,"chr3:179,562,886-179,588,407","chr3:179,569,824-179,569,868",+,MKLEPLFLTLDPIL*
EIF4E2,"chr2:232,550,659-232,583,644","chr2:232,556,424-232,564,298",+,MMTVGTMIRMKKTAHRKMVRRKKRNETRIRAVARERLLSLDRQSIPCSTTTLFGTPGEPPAVPRAHRAMNRISNRLAPLPLWSSSGGFIATWYVLGT*
RGS10,"chr10:119,499,817-119,542,719","chr10:119,527,319-119,527,409",-,MAVPAAATRASRAQPNGRHPWRICWKTQKA*
KANSL2,"chr12:48,653,211-48,682,238","chr12:48,679,775-48,681,469",-,MHPSSSVVIYRRRMEKDVPMLPQSQRRKMGCPSVLNMSVGMPWHFMLK*
MARS1,"chr12:57,475,445-57,517,569","chr12:57,488,110-57,488,190",+,MASRVACRCWPPPGEPGAEQRCSSAL*
TMEM160,"chr19:47,045,909-47,048,624","chr19:47,046,163-47,046,664",-,MASWHRASGSSPSCRVTWVGKQHMASSCWAACAWCGAAPRTPWAWRRCEDPCS*
CUL4B,"chrX:120,505,920-120,604,074","chrX:120,560,515-120,560,565",-,MVIPAPLRPPLPRRES*
USF2,"chr19:35,268,962-35,279,821","chr19:35,269,689-35,270,453",+,MEDRL*
PPP1CC,"chr12:110,719,680-110,742,939","chr12:110,731,836-110,731,877",-,MSSFRRMKSEDCA*
TRAF4,"chr17:28,744,011-28,750,956","chr17:28,747,257-28,748,026",+,MPRSTQTRSWKYKYWACLSAASTVRRAAAGVGHYVIYRAT*
GNL3,"chr3:52,681,156-52,694,497","chr3:52,687,596-52,689,077",+,MWNLWKRSLGFAKLRTKPSRANRIQRSCTAKNLKR*
GNL1,"chr6:30,541,381-30,556,489","chr6:30,555,625-30,555,711",-,MGCAPVPTAAAGAGSGERNRPTPRTGSL*
PAXX,"chr9:136,992,422-136,993,984","chr9:136,993,795-136,993,866",+,MRPEGAAQAWPRGESAYEGRGSL*
FHL3,"chr1:37,996,770-38,005,606","chr1:37,999,079-37,999,138",-,MKTAISTRAASAAAAASAH*
ZNF530,"chr19:57,599,885-57,612,722","chr19:57,604,299-57,604,373",+,MWPFTSPRRSGSSLMRCRGSCTAM*
MIEN1,"chr17:39,728,496-39,730,532","chr17:39,729,563-39,729,740",-,MDSWCSPSWRMGAFPMRKM*
LSM14A,"chr19:34,172,504-34,229,288","chr19:34,194,532-34,196,643",+,MKSLNTLYSVGVTLKTLLFVSHQNHSVLCLKTQLLFSPH*
FDX2,"chr19:10,309,916-10,316,015","chr19:10,310,893-10,315,427",-,MFFTWPSATGWTWKGPVKPPWPAPPAMCM*
WDR18,"chr19:982,899-998,438","chr19:984,496-985,913",+,MASICWRRSWARITSAPGSSSGRTSSSRRSCAPGLSPV*
RABGGTB,"chr1:75,786,197-75,795,086","chr1:75,787,513-75,789,175",+,MLLSSQMHRTLCYWRNMQIISHPMAQRKMIMNTVCLSI*
C3orf52,"chr3:112,086,335-112,131,004","chr3:112,086,493-112,093,426",+,MVPTRSSLLWTRRSPRPRLTRKAPGAPVIRMWLEDANCG*
INO80E,"chr16:29,995,715-30,005,793","chr16:29,996,846-30,001,035",+,MKTLRTQMPLHHQITARRRGHPSCLTHRPLRGREALRWGAPPLPPASPCLLQQGFPFRPPGSPPHT*
